<?xml version="1.0" encoding="UTF-8"?>
<ti:module xmlns:ti="http://ti.appcelerator.org" xmlns:android="http://schemas.android.com/apk/res/android">
	<!--
	Similar to tiapp.xml, but contains module/platform specific
	configuration in <iphone>, <android>, and <mobileweb> sections
	-->
	<iphone></iphone>
	<android xmlns:android="http://schemas.android.com/apk/res/android">
		<manifest>
    		<uses-permission android:name="android.permission.GET_ACCOUNTS" />
    		<uses-permission android:name="android.permission.WAKE_LOCK" />
			<uses-permission android:name="com.google.android.c2dm.permission.RECEIVE" />
			<permission android:name="${tiapp.properties['id']}.permission.C2D_MESSAGE" android:protectionLevel="signature" />
			<uses-permission android:name="${tiapp.properties['id']}.permission.C2D_MESSAGE" />
			<application>
		        <receiver
		            android:name="com.google.android.gms.gcm.GcmReceiver"
		            android:exported="true"
		            android:permission="com.google.android.c2dm.permission.SEND" >
		            <intent-filter>
		            	<action android:name="com.google.android.c2dm.intent.REGISTRATION" />
		                <action android:name="com.google.android.c2dm.intent.RECEIVE" />
		                <category android:name="${tiapp.properties['id']}.gcm" />
		            </intent-filter>
		        </receiver>
		        <!--<service
		            android:name="${tiapp.properties['id']}.TiGcmListenerService"
		            android:exported="false" >
		            <intent-filter>
		                <action android:name="com.google.android.c2dm.intent.RECEIVE" />
		            </intent-filter>
		        </service>
		        <service
		            android:name="${tiapp.properties['id']}.TiInstanceIDListenerService"
		            android:exported="false">
		            <intent-filter>
		                <action android:name="com.google.android.gms.iid.InstanceID"/>
		            </intent-filter>
		        </service>-->
		        <meta-data android:name="com.google.android.gms.version" android:value="@integer/google_play_services_version" />
		    </application>
		</manifest>
	</android>
	<mobileweb></mobileweb>
</ti:module>
